{
  "timestamp": "2026-03-11T14:55:40.402642",
  "algorithm": "logistic_regression",
  "dataset_file": "app/models/saved_models/logistic_regression_dataset.npz",
  "dataset": {
    "total_samples": 760,
    "optimized_samples": 456,
    "unoptimized_samples": 304,
    "train_size": 608,
    "test_size": 152
  },
  "metrics": {
    "accuracy": 1.0,
    "precision": 1.0,
    "recall": 1.0,
    "f1_score": 1.0,
    "auc_roc": 1.0
  },
  "feature_importance": {
    "LOC": 0.16241486082156098,
    "Complexity": 0.16651553472617062,
    "Dependencies": 0.17302527176065058,
    "Functions": 0.09645419939158924,
    "Classes": 0.10429026689209504,
    "Comments": 0.0023805353659247966,
    "Complexity/LOC": 0.007092647297388416,
    "Comment Ratio": 0.20287290951998227,
    "Functions/Class": 0.08495377422463801
  },
  "feature_names": [
    "LOC",
    "Complexity",
    "Dependencies",
    "Functions",
    "Classes",
    "Comments",
    "Complexity/LOC",
    "Comment Ratio",
    "Functions/Class"
  ]
}